{"cameraMode":{"drawMode":0,"name":"Shaded","section":"Shading Mode"},"sceneLighting":true,"audioPlay":false,"sceneViewState":{"m_AlwaysRefresh":false,"showFog":true,"showSkybox":true,"showFlares":true,"showImageEffects":true,"showParticleSystems":true,"showVisualEffectGraphs":true,"m_FxEnabled":true},"in2DMode":false,"pivot":{"x":-3.870258331298828,"y":1.6216621398925782,"z":1.2741336822509766},"rotation":{"x":0.051448579877614978,"y":-0.9462127089500427,"z":0.25760674476623537,"w":0.18895626068115235},"size":50.678932189941409,"orthographic":false}